pca_1,pca_2,pca_3,pca_4,pca_5,pca_6,pca_7,pca_8,pca_9,pca_10,pca_11,pca_12,pca_13,pca_14,pca_15,label
117.14570219403272,0.7272895774121545,-0.10286882907092855,0.15576121414074587,0.041040245224481055,-0.017798881662743425,0.020687136311679878,0.02215754938901866,0.023537178514935617,0.01330843136913029,-0.012436568924428081,0.007875791554981875,-0.007841170913561972,-0.026137280119834287,-0.005297677781469044,0.0
147.57717652876667,-0.208465508440391,-0.13636620521576687,-0.11999384117962415,0.08551870934025589,0.0003125756744573166,-0.04300624600404343,0.020579631057826626,-0.03792936768500617,-0.008510553545450368,-0.0024725451267854416,0.03302288163328965,-0.01144358155402972,0.016475008658889425,0.0068739084088748105,0.0
399.6647374294752,2.2439751773478953,-0.12170175976467236,-0.23558866285571325,0.09067147503982445,0.017603524855652444,-0.02830443987125678,-0.03739223204766532,0.04872855328841913,0.011282191973704548,0.03308874804893971,-0.008323720949238646,-0.054732490837153466,0.02912659501793349,0.02024632117614207,0.0
467.73259857026045,-0.5400328838470834,-0.011839578364029777,-0.05282256440569817,0.008054128991971925,-0.036598975373177946,-0.010935553144743615,0.020149879838038197,0.001917465798308576,0.0020761650165740646,0.0017637880775247209,0.026327479694455376,-0.00012234833487310002,0.0012288712305792457,-0.0030626266033538653,0.0
265.2483217775836,0.34526816579396924,0.13177793475779784,-0.04763777495346738,-0.010074792912680677,-0.01031795092582991,0.013710010789237613,0.053189509862062986,-6.218118853960623e-05,0.0037019042595733747,0.028810911262431484,-0.01005647632782908,0.004164991213597871,-4.997062225436597e-05,-0.0034399879625581797,0.0
194.21710549419387,0.5571745303500859,-0.0886469737503746,0.01970441569160542,-0.0939325982410978,-0.06311216344954756,-0.14904380452552002,-0.01950700695852577,0.01795744948347507,0.2824969236667011,-0.05581847996527142,-0.050088057522097204,-0.02209866732468502,-0.002976608471846666,0.015619156270957536,0.0
-84.41148075159086,-0.57890856220977,0.11569077325517374,-0.01109052525206906,0.0004787996162829,0.012667187487531628,-0.022238787417551587,0.005968505577456465,0.015580241032252059,-0.010851072455681133,-0.025373678294654006,0.009459201826170542,-0.01730055608054562,-0.0017232695920226494,-3.132240831067809e-05,0.0
400.63078453744083,2.3117251090013458,-0.1420584627324819,-0.2303550092161844,0.09045637812084936,0.011523655232489381,-0.03673987310002504,-0.051940241203764365,0.04552731978303994,0.008902242256958058,0.041621569894453286,0.0024656473079298843,-0.0600968630105733,0.017500612110842525,0.013724761680889399,0.0
721.5011620801337,1.8666439641237047,-0.029371575857771056,0.06651017233535172,-0.10840183754828941,0.17149505948906743,-0.026199103675897263,0.010042434022169316,-0.00754094138519179,-0.028600372291415675,-0.0073124202862007845,0.0016082497360078727,-0.00798202990328152,0.007713584347232811,0.004471623349721355,0.0
467.83143917878357,-0.48131503697872136,-0.021651403074685865,-0.05078871022202081,0.006441701794013973,-0.039698819354306025,-0.012099539437636773,0.02000976382665827,0.002277787303305483,-0.000940794705556776,0.003532717262860732,0.0296018923105589,0.0030655833042324394,-0.001171041808072822,-0.004953630433199178,0.0
326.3406754494835,0.9524965648168692,0.04792157742368949,-0.08654032308408693,0.004553691114093399,-0.014793467764454683,0.018316719711542896,0.03565292436082023,-0.027452410981240873,0.00849495747871161,0.020286693809533757,0.00036592474625897584,0.021474233775393554,0.0020273236541753477,-0.006701946713882909,0.0
-17.0996929775423,0.6449442974927191,-0.06840423183916779,-0.0770414019355265,0.002350026736100175,-0.009992700062016049,0.016998647377426863,-0.012323511291086938,0.006295303758408915,-0.008925683899569596,0.004382350186064511,-0.005756540596406718,-0.008913507311837057,-0.014716152066610014,-0.015191956250411877,0.0
-85.17022332898163,-0.5412303150581618,0.09894198021639317,-0.012577974699251582,-0.0045661866777378535,0.007911781847759147,-0.021572360375990224,0.014091908897580888,0.020534663784060405,-0.011739528202760122,-0.03086487724886072,0.012119726314518782,-0.014498672450623593,-0.0046827458972379605,-0.0013635315358922625,0.0
67.89988146037244,-1.1072253681457174,0.04251384821836339,-0.016139003572003353,-0.008586575129584967,-0.006691329454134379,-0.008228972001914735,0.04776448175789754,0.021446774928709212,-0.006509327355599888,0.014075602762660214,-0.038373962061124825,-0.011672781405274894,-0.002415252326858166,0.004706797784766325,0.0
126.47797897729174,-0.5254436858577846,-0.014004256240480314,0.004405470645468428,-0.008914407750096887,-0.012750798878077188,0.023894593942070514,-0.014553830862997053,-0.006314078575035927,-0.0013018375562074416,-0.0037358199609569417,-0.0022363138920081724,0.001656615630922594,-0.007262099845617253,-0.0050926735397434355,0.0
93.29335569319932,-0.7813586340774772,0.022213603500519388,-0.0274722989529667,1.2650162591748502e-06,-0.009422541053749924,-0.008304411153299206,0.03708372711882979,0.005729293444006689,-0.0034988145570299337,0.0121895095156542,-0.007303706945198907,-0.0008840550300137824,0.005492149507435748,0.004991619644010391,0.0
-56.4006497672949,-0.7588824058622152,0.046761129078986795,0.029071484379401023,0.013168906098510649,0.012282422957574892,0.0060996856515553935,-0.02355192907714855,-0.0032154595436886244,0.0022321664906004967,0.0055546109250845695,-0.0033032222980996138,-0.006965709586994253,-0.0006842616054765997,0.0005208356598090715,0.0
42.25385221910601,0.14979130169731916,-0.06676146325461667,0.018309521302318953,-0.0014859391052263128,-0.015634288667688883,0.03918656863506817,-0.01423337316215296,0.02056882948500761,0.00442099713655346,0.00027184012584752297,0.0021621310819420233,0.005716604341714271,-0.01320309993272654,-0.006748199847570641,0.0
-169.7850999199122,0.8632721375569611,0.18154746404946034,-0.029086364854213675,-0.013822168285173849,0.021800494473364677,0.0012729295521080714,0.024763760840024233,0.005070639223381972,0.004310454105925345,-0.011885248096513326,-0.007933432289518986,0.013976194952844996,-0.007784870663663973,-0.009309277697134369,0.0
-150.2367120472989,0.7498383798993813,0.140204604283515,-0.03944292707478156,-0.004907463622952258,0.016700106475044076,-0.0037641851801946103,0.010339790872681684,0.014735029631741808,-0.0016492855300911926,-0.029864279253517135,0.0008612368911358085,0.02371194465869418,-0.007369874304310597,-0.004712276792811327,0.0
-233.55268827893715,-0.20834508531981372,-0.09232869772826187,-0.017597204670040847,-0.03616731451341601,-0.012334026759515317,0.026400558107735943,0.002421393636834651,-0.02172849065747317,0.0021347780834972754,-0.006848445935964853,0.005828153852858605,-0.011243443503014011,-0.012711042012794941,-0.006518992966905812,0.0
226.96885978173654,0.504003426679654,0.00026764724477750364,0.05799407967537644,-0.03079714392340207,0.009634207533537534,0.02922181079084068,-0.011877244846141251,-0.018065748912897403,0.00010974496006553922,-0.004460153103110077,-0.0001980056670396556,0.004013187684326363,-0.01077921635878173,-0.013123480181557061,0.0
721.5011620801332,1.8666439641237007,-0.029371575857771157,0.06651017233535181,-0.10840183754828935,0.17149505948906735,-0.026199103675897277,0.010042434022169288,-0.0075409413851918045,-0.02860037229141566,-0.0073124202862007905,0.0016082497360078842,-0.00798202990328147,0.007713584347232755,0.0044716233497213796,0.0
398.5189971999154,0.9351390025774334,0.12383995515037284,-0.0644443961403107,-0.034030515865873766,-0.030082481332348563,0.02393376656454267,0.11885737583116145,0.01918805902250581,0.0025702490786699123,0.05392793810480388,-0.04252649889305723,-0.009766122005956869,-0.021739350122523954,-0.014520482269401065,0.0
74.7077392752508,-0.22638088625354255,-0.026036461862060652,-0.0408534776731318,-0.004110561177315891,-0.02585583153926044,-0.03311941153496148,0.06009469296634038,0.02327896261348201,-0.011179321286926868,-0.028795251660024328,0.07642288277430316,-0.02227030056983492,-0.0014996150007342167,-0.0035579202051806845,0.0
67.89988146037233,-1.1072253681457171,0.04251384821836304,-0.016139003572003575,-0.00858657512958497,-0.006691329454134492,-0.008228972001914827,0.04776448175789754,0.02144677492870924,-0.006509327355599919,0.014075602762660311,-0.03837396206112496,-0.011672781405274895,-0.0024152523268580915,0.004706797784766384,0.0
93.29335569319973,-0.7813586340774777,0.022213603500519458,-0.02747229895296674,1.265016259254426e-06,-0.00942254105374995,-0.008304411153299161,0.03708372711882963,0.005729293444006628,-0.003498814557030131,0.01218950951565423,-0.007303706945198726,-0.0008840550300138171,0.005492149507435862,0.004991619644010166,0.0
37.871919981984895,-0.6923197587776087,0.02044414014491724,0.019537122110816454,0.0027153177301465227,-0.0006477064563409855,0.00916754670934439,-0.025371646105997785,-0.004948134444596264,8.846235324272013e-05,0.005154506238001301,-0.0002969628043548751,-0.0010839941386734857,-0.005669988797872715,-0.0037092445256855407,0.0
90.21339496365499,-1.2857241284736203,0.02557427983273123,-0.00963090293205198,0.0014287076458196143,-0.008219956505589036,-0.014752898743190348,0.007182448237496473,0.011151435678146877,-0.00788870929686824,-0.0027608217800707403,-0.006992284961980096,-0.00026587491256686857,0.0047984029014864074,0.006373086922539362,0.0
42.1110053578621,0.14970366264510207,-0.07134803279069679,0.017204127056418637,-0.0017841551454448313,-0.017172526284714534,0.0401757686682316,-0.012803552701816363,0.022153385588439236,0.004104979820851143,-0.0006629922949759904,0.0018077273106843167,0.005175775020498905,-0.014069355737543143,-0.007056573337134272,0.0
-39.56066891433653,-0.5550503344607727,0.052338190742295745,0.04186808627658051,0.019966956589149265,0.007343641408191934,0.0035946284456016024,-0.020249044430527195,0.011644098467245878,0.0033666534989059806,0.005886963465149272,-0.002099252729989613,-0.0024731941579487693,0.002374069752989036,0.002105161530116001,0.0
-87.2725574014833,0.2769893691918263,0.12689077830987167,-0.02690850856883787,-0.004876499511001953,0.018307817781655984,-0.005143176208350959,-0.016906823681854224,0.01596338146112857,-0.007853082862026661,-0.020272626425063816,-0.003380819614384256,0.00020598709568303705,-0.00925784629794273,-0.006379882488851398,0.0
-56.67197274543532,1.0430979733061438,0.06390563084240967,-0.06200750061480097,-0.03188902960672685,0.0012326242795044895,0.042388753081804856,0.01615518986403188,0.00988126513277178,0.00581403221103037,-0.0315460233537882,-0.0009039501278082488,0.012070386478520295,-0.0003929998844396015,-0.005779337530386753,0.0
-129.83003551433782,-0.6925155314272391,0.12856598303075162,-0.006734103227034612,0.01145274545443231,0.027002066186357893,-0.022279044704705542,-0.01932325708868852,-0.0046436229483607355,-0.005094124857768954,-0.006511865485344804,0.00032675174495118,-0.012802247065534775,0.002543880422319003,0.0026851130878938487,0.0
-242.2376850998427,0.10494645386852117,0.09741745584474697,-0.026520490026377335,-0.0013505508970114391,0.023597468114799968,-0.0054440048506646105,0.007204197898642876,0.0007802700796434005,0.002078615933291387,-0.010224304696674248,-0.002193314300637658,0.0038681662633589307,0.0010019156431620598,0.0007183455633672562,0.0
0.48174873384184946,-0.3747901031472282,0.030859427925857188,-0.034756772200714825,-0.003808448992432012,0.0011814449351907888,0.008511532439653267,-0.010925979788736672,0.007078728488683127,-0.006037712055833352,-0.016824372814649182,-0.00942122917209854,0.0006607940449216506,-0.001961480575700059,-0.0004456300171414066,0.0
-291.47201810372053,-0.30022182583800716,0.13178009566278578,-0.0036799808548496553,-0.0038820237522640168,0.029767851989494405,-0.013857618688309844,0.00782321746004247,0.0005308482827248662,0.003943842021309894,-0.007106236845212286,-0.006776843504303173,-0.002874145719094816,0.006453238691318951,0.005260857812863052,0.0
-41.0809405019381,0.5135896693837755,0.13782633967144456,-0.03278344560791814,-0.028201828554173258,0.007160243372107771,0.03553313351745988,0.020654947914402127,-0.012678479912866403,0.0118306762289319,0.004331003983160918,-0.00014641558421266,-0.007328419314978146,0.015298282495055387,0.007679298684466531,0.0
-81.75776567380711,-0.7692523298762831,0.09755428557769746,-0.010154342747296922,-0.0030218403095928137,0.01057871056362014,-0.015030703713215653,0.010657547978377747,0.015694449774260086,-0.009729674502935602,-0.018335249529917937,-0.01868853575232526,-0.008404004336588472,-0.004334390654735974,0.0004997442028534064,0.0
55.92360433287766,0.8445204446020613,0.21678063646987247,-0.041721277763880696,-0.007743977272310223,0.026347864651070384,0.028301653940894133,0.00035816669167274744,-0.025510327711534123,0.012027057450078656,0.012737638106384442,-0.0015175888931606625,0.0016980687891150494,0.006000396227911539,-0.0048446986673692915,0.0
-191.11787675430278,0.052691474640247066,0.030045555103095735,-0.02006429108926267,-0.009836901416601077,0.007291608045042274,-0.010881434427944935,0.04450355489474598,-0.01129032802306623,0.00537497192285717,0.03424072860290458,-0.012268143719745462,-0.00206864676118568,-0.007629140394937085,-0.0018220803122377916,0.0
-230.4897830004766,0.07576779384146663,-0.06334322598367469,-0.020103798222027826,-0.04041058920406205,-0.010571714578513811,0.034669208442439946,0.014273286515662583,-0.02908253586858758,0.008258975778156971,-0.006857276704091878,0.005759918988617037,-0.014661502741852251,-0.002521395491473437,-0.0016521569344534342,0.0
147.646215723704,-0.17077772720035023,-0.14644603480001553,-0.11984974775229312,0.08228775694025729,-0.0024841002266655417,-0.04348548674614211,0.023193799729463647,-0.0360536621859474,-0.01019516910765403,-0.0040017832592141,0.037345623654465844,-0.00990092252982912,0.013462611579216497,0.005230376472538711,0.0
721.6964756235515,1.86606324340988,-0.029240880851076925,0.0647822356643445,-0.10717953072466914,0.17061273031756058,-0.02328796414920599,0.007756666975708018,-0.01078203946866312,-0.031017033135422065,-0.0066440832421532005,0.0007817364139637897,-0.008678827553946835,0.005829257449984289,0.0021291067421150634,0.0
82.04061856000021,1.5873376708771376,-0.051407645677546604,-0.03704626165195057,-0.096285122215151,-0.051135233921335656,0.08325525065850144,-0.04653456843615864,0.07672612808366368,0.0008180840348165908,0.007683688413052259,0.013621314832972188,-0.023941344043508256,-0.0008786922842771604,-0.014271935906729726,0.0
304.81657652595675,-0.10321181860886863,0.04684940151653888,-0.049660497084574165,-0.010642836281259279,-0.025723242170554272,0.001714601113963243,0.06398834218683187,0.017955707341907948,-0.008132384531356186,0.010121171880968307,-0.010352454523879846,-0.007336952703058145,-0.012161659329651953,-0.008272410657452114,0.0
130.2233354010748,-1.1999577730702256,-0.0687831484604814,-0.020229843636394237,-0.03312571735032725,-0.04035081380158421,-0.006437815805343162,0.11100130515881122,0.044126884787554346,-0.009421483467315602,0.03087353846265548,-0.05965634261823524,-0.018344682792873733,-0.02035369661495946,0.00019851722387245692,0.0
61.71179249249114,0.14361403231469747,0.015612442734076375,0.09443264679394554,0.020742431470814424,0.0021204038040140887,0.0072772060180617965,-0.005680766510565868,-0.003585289246241035,0.016130606339717073,0.02370623043118359,0.0174082585462603,0.01769901231426406,-0.010045642516142176,-0.00855376275221608,0.0
124.34259313330412,-0.9260808237640596,0.04268559726477126,0.038734325765257406,-0.010681118003868237,0.000950784838268737,-0.02267484656125088,-0.03848521495608127,-0.011036320779542783,0.004719686606310328,0.030971092669701095,0.00952114108693688,0.018109914722699218,-0.013010267527540342,-0.007930540004992472,0.0
-9.59733298112304,-0.7476609791142581,0.02847383496941815,-0.00011864334236991497,-0.004312989052937143,0.002326861662817297,0.009202825329101648,-0.015172838982174574,-0.00967635366055805,-0.00032306095696984035,0.0009949692150315397,-0.0013282427026225557,0.0012686762098917134,0.00047825493061759845,0.0010479417038753763,0.0
90.03328873086802,-1.283135295642641,0.02248568351939138,-0.010009408251302476,0.001475351285637298,-0.008863940108870072,-0.01468164289231682,0.007753054532836637,0.011250781239102168,-0.008135243710776943,-0.0030701904658978537,-0.0073407235322975085,-0.00022198918589571846,0.004795411586583616,0.006380025596822019,0.0
-39.56066891433659,-0.5550503344607738,0.05233819074229582,0.04186808627658052,0.01996695658914929,0.007343641408191951,0.00359462844560156,-0.020249044430527215,0.011644098467245893,0.0033666534989059706,0.005886963465149281,-0.0020992527299895703,-0.0024731941579487723,0.0023740697529890695,0.002105161530116016,0.0
-27.134911296230662,-0.46733240508612256,0.022364218417527695,0.015380142272424702,0.010354678708958521,0.0018153358277047085,0.009084000596612437,-0.012242782942345718,0.003369312048980835,0.004513415933013438,0.0010515255577142715,-0.00022676026345465838,0.002892441430584897,-0.0018516149071476638,-0.000856277166346329,0.0
-56.67197274543505,1.0430979733061427,0.0639056308424098,-0.06200750061480095,-0.03188902960672679,0.0012326242795045036,0.042388753081804766,0.01615518986403183,0.009881265132771759,0.005814032211030358,-0.03154602335378818,-0.0009039501278082032,0.012070386478520231,-0.00039299988443956764,-0.0057793375303867404,0.0
-178.9262944536462,0.3563736921299908,0.12075907320542986,-0.031611193804170934,-0.0027079021967794277,0.02426241446283852,0.0025197057617439584,0.00929903038791192,-0.015303146697223182,0.003921637841386646,-0.0034581699563589192,-0.0003095448370568493,-0.001329584376223914,-0.004924169784123828,-0.006248553054766144,0.0
-250.59175809004125,-0.5254493975658464,-0.008358716276499879,-0.007448668381625812,-0.015723385272690446,0.00479549478143419,-0.0013527062977516054,0.024569022341347446,-0.01616741124802254,0.007478694091130558,0.017959116533795172,-0.003211376720817222,0.006232113236531467,0.007097926783532255,0.008270874217219884,0.0
-230.39596774089938,0.07629332491494625,-0.06722331679690702,-0.02059013526421367,-0.04056983503061121,-0.011420135606578046,0.03462659403151416,0.014613502844207057,-0.02825719068337949,0.008185352087685673,-0.007715998688093027,0.006682716627847622,-0.013701614341663013,-0.002176589337863472,-0.0009389791642860208,0.0
-233.5526882789367,-0.20834508531981838,-0.0923286977282624,-0.017597204670040736,-0.03616731451341604,-0.012334026759515442,0.026400558107736016,0.0024213936368347455,-0.021728490657473072,0.002134778083497272,-0.006848445935964885,0.005828153852858523,-0.01124344350301394,-0.012711042012794983,-0.006518992966905788,0.0
180.50676300388238,0.6584637983841337,0.15908287931178927,-0.059544583385226946,-0.0077721544034902446,0.004419443271641193,0.016806730505727924,0.05851871269117816,0.0008586483689284593,0.003427307484490545,0.03449887762289963,-0.026407405515773395,-0.009647148509327758,-0.006675952419001538,-0.0070997717805753565,0.0
-8.392899797431584,1.5079725302311138,-0.06868859406086159,-0.055367103143258725,-0.07354554884436615,-0.03882805339276562,0.06398730809028647,-0.0628443523599584,0.11651154568944568,-0.007652121465346585,0.03039323157389733,0.0060708369666596824,-0.016307522785337734,0.010228784446983556,0.004972613998238033,0.0
74.74428178129368,-0.2258055718639447,-0.030769119461829832,-0.04022921430234719,-0.003115155358846235,-0.026515276020866393,-0.03429910624246355,0.057218703675967056,0.02177890051065811,-0.011405020697120518,-0.02827486165562384,0.07747449966069136,-0.021238591683230397,-0.0025778683335876207,-0.004260165485174915,0.0
-84.93291246544752,-0.5444368384204819,0.09865627420696825,-0.011241643640661636,-0.003759006470871504,0.007978160656052849,-0.022390302140920224,0.010434916672636966,0.018847532531590997,-0.01186312246457693,-0.028608822510719292,0.012756637628022633,-0.013656917059594507,-0.004995564642107964,-0.001366007110773808,0.0
124.34259313330405,-0.9260808237640602,0.042685597264771315,0.038734325765257385,-0.010681118003868268,0.0009507848382687382,-0.022674846561250878,-0.038485214956081294,-0.011036320779542813,0.004719686606310308,0.030971092669701064,0.009521141086936937,0.018109914722699186,-0.013010267527540335,-0.007930540004992518,0.0
48.27329371427078,-1.2257173759799846,0.054641023619627284,-0.007755994104128019,-0.0021223547568264066,-0.00021427239091085953,-0.008020176683454753,0.01609694234723149,0.007569359720151313,-0.0029097819583338087,0.010307762363557732,-0.01554145903013999,0.0015799097953918789,0.012056703582833107,0.011686264895980005,0.0
64.881532946782,-0.23295269164396126,-0.006589834443472606,0.08020945390710893,0.04771074811930456,-0.01201159238693714,0.030717451239399635,0.006409811240236609,0.019904008564953612,0.01376350565677496,-0.004028001290379067,-0.0005416394148108575,0.0013207365098059072,-0.004866218835628527,-0.0015079841411507118,0.0
-56.67197274543503,1.0430979733061427,0.06390563084240963,-0.0620075006148009,-0.03188902960672679,0.001232624279504468,0.042388753081804814,0.0161551898640319,0.009881265132771775,0.00581403221103035,-0.0315460233537882,-0.0009039501278082337,0.012070386478520293,-0.0003929998844395907,-0.005779337530386742,0.0
-186.47890643771453,0.611704498886678,0.14871310078246114,-0.03097230019949155,-0.0038911990861265015,0.021688351625614652,-0.008217037791192025,0.0031673170112142173,0.01095284529665308,-0.0018281059031371367,-0.025604962777416418,0.0023309450935912156,0.018193924852170213,-0.009307185243230057,-0.005122984421018631,0.0
-5.383968079494341,-0.5487918836362178,-0.012762200387318158,-0.011037118114028707,0.0023048647984134666,-0.002202124282590081,0.010437992392405988,-0.008707412739677902,-0.019617046128396494,-0.0009290373584844654,-0.0028329174102089444,-0.0023754497757697644,-0.007288959142829424,-0.00521142825363959,-0.003885317865359069,0.0
-81.7577656738071,-0.7692523298762833,0.0975542855776975,-0.010154342747296928,-0.0030218403095928206,0.010578710563620145,-0.015030703713215611,0.01065754797837773,0.015694449774260114,-0.009729674502935593,-0.018335249529917913,-0.01868853575232526,-0.008404004336588486,-0.004334390654735957,0.0004997442028534326,0.0
-233.55268827893707,-0.20834508531981763,-0.09232869772826242,-0.017597204670040757,-0.03616731451341606,-0.012334026759515431,0.026400558107736012,0.0024213936368347572,-0.021728490657473086,0.002134778083497274,-0.006848445935964882,0.005828153852858518,-0.011243443503013966,-0.012711042012795009,-0.006518992966905789,0.0
-84.93291246544753,-0.5444368384204816,0.09865627420696832,-0.011241643640661618,-0.0037590064708714842,0.007978160656052866,-0.022390302140920224,0.010434916672636955,0.01884753253159098,-0.01186312246457693,-0.028608822510719265,0.012756637628022652,-0.013656917059594502,-0.004995564642107937,-0.0013660071107738077,0.0
-169.78509991991208,0.8632721375569596,0.18154746404946007,-0.02908636485421365,-0.013822168285173892,0.021800494473364594,0.0012729295521081133,0.024763760840024268,0.005070639223381977,0.004310454105925344,-0.011885248096513347,-0.007933432289518986,0.013976194952845026,-0.007784870663664014,-0.009309277697134409,0.0
-197.8632181318133,0.7097884667229991,0.14967934190368148,-0.03377919453247062,-0.005342872607270569,0.024029308681894505,-0.0011273714608910081,0.017467851068174552,0.002028022395489793,0.005799323083767232,-0.012122525840148878,0.0007754675453623335,0.01329547899597103,0.0014810379303835234,-0.0033342992726133457,0.0
-129.83003551433788,-0.6925155314272394,0.12856598303075162,-0.006734103227034572,0.011452745454432292,0.027002066186357872,-0.022279044704705445,-0.019323257088688525,-0.004643622948360691,-0.005094124857768937,-0.006511865485344764,0.00032675174495120203,-0.01280224706553475,0.0025438804223190635,0.002685113087893856,0.0
-184.73118952677152,0.8063153542186461,0.11307440086482107,-0.033281065304804305,-0.02057571656032962,0.008094058424092838,0.004128718367612079,0.001702345487501697,0.04290217245973754,1.7310706260157333e-05,-0.0015098401787406424,0.001701282223518677,0.015965270965130045,0.00022889348473538438,0.002495666929272107,0.0
-216.09552197734095,-0.40443916423017523,0.023460333695552678,-0.004578880829396714,-0.012945185527683308,0.004956854402623872,-0.006487290478098847,0.020698059007598548,-0.016441635127167193,0.0062058685871606584,0.025905856019370687,-0.0011525010407599603,0.003318997628965502,0.004015245869210158,0.007140545092703523,0.0
-250.59175809004137,-0.5254493975658461,-0.008358716276499782,-0.007448668381625825,-0.01572338527269044,0.004795494781434197,-0.0013527062977515966,0.02456902234134743,-0.016167411248022536,0.00747869409113055,0.017959116533795134,-0.0032113767208172338,0.006232113236531463,0.0070979267835322634,0.008270874217219878,0.0
-279.63150443164943,-0.026402736794120193,-0.09710827397051326,-0.03186239545094648,-0.015482754520562024,-0.008344984742372939,-0.006235592848612299,0.046456965911237255,-0.005615151378389048,-0.0008417057547791597,0.02049276456827626,-0.014902235546462368,-0.008592830641102339,-0.022538663750069774,-0.009042803324829452,0.0
-233.58676403515346,-0.20777915353465815,-0.09101975058142361,-0.01827360173803625,-0.03633875814967328,-0.011677779498076019,0.02713088509258843,0.0026027145836799584,-0.021270455918891127,0.002475276548052038,-0.007315127964312259,0.004801707237819506,-0.01118223003648066,-0.012580981087554587,-0.006616959724692511,0.0
126.20886493126505,-0.5670189670624357,0.007429706686932976,0.00025671643363388736,-0.004078106540895323,-0.006748568420315385,0.02723604739484634,-0.010501159859215417,-0.005575778874567231,0.000984421877201232,-0.006665157604637352,-0.006518433608962443,-0.000626788298318844,0.0014939938099958608,9.67955530019469e-05,0.0
-9.625275313875884,-0.7854295239920823,0.044536385769429906,-0.0021001465623755886,0.0011214013822413483,0.007025738869047895,0.011027069860509888,-0.014191229043798381,-0.009800811499648752,0.0017441497546988537,7.262723286684365e-06,-0.0046125859696675925,-0.0004514069550909485,0.006527609662082769,0.004535906502878827,0.0
25.361787805656526,-0.2768359576900452,0.050416011619305326,0.02787828915455282,0.02351025297419159,0.006577277378103175,0.023548462735247015,-0.006877705171070466,0.019689248884719558,0.007319106624766769,-0.0022059439826147558,-0.004649321428015473,0.0004716151136565127,0.006798405445671839,0.005633553768878004,0.0
2.4404326963926275,-0.36484163845707757,0.07755685576140577,0.031669938284995265,0.010516538954225548,0.005779122457667801,-0.00302546706348724,-0.022329303327622122,0.019181714909955405,-0.005833563605925434,-0.00013671300894446299,-0.010569870237698587,-0.005116903820488757,0.01185566053246521,0.0023524520397593986,0.0
-134.739982267863,0.43198719678683445,0.0684146370827285,-0.038367352403584506,-0.016242487186758105,0.009116096350113278,0.015404932838643625,0.017685791484924863,-0.0034769713235324184,0.005549130226941323,-0.01424364701918138,-0.00609731227785009,0.0011693939390349795,-0.00649194299645328,-0.007974568342734897,0.0
-3.828334983917396,-0.5878109406368458,0.011368797667576275,-0.015164538195419741,0.007460247143413999,0.004245477193031709,0.013759247573036395,-0.0070772034122094565,-0.019600311980534406,0.002138150941816177,-0.0036046594489322916,-0.00773254825627594,-0.01064183120399639,0.004842075133314595,0.002022461709715967,0.0
55.43456339947521,0.8121594263601227,0.22744561173608305,-0.0427236426964599,-0.006402986209120462,0.029089335162508306,0.030530680033985784,0.0005666056734115361,-0.025559125291822513,0.012863906053687538,0.012525165219861164,-0.0032400212259137647,-0.0011264861112375167,0.010464158399702248,-0.0019496246311691062,0.0
-231.06455134321706,0.03854447526203165,-0.050790693171277226,-0.022326839792141045,-0.038608442580712464,-0.008005578409392573,0.03719323315777857,0.01593372838100605,-0.0283129489804669,0.010450222700964724,-0.00843962073790009,0.002607095665856967,-0.017094159712289333,0.0051036013447639675,0.0030918570715233514,0.0
-125.2953881883309,0.5073423632876607,-0.03560227444057472,0.0788585438311859,-0.03623243909187805,-0.06327155844979629,-0.07139214508945071,-0.010920687876984848,-0.03170818909592287,-0.030076570897754184,-0.0008335674611242262,-0.01574287570505764,0.003423705837195771,0.014484234576629154,0.002772393888561675,1.0
-288.544206655978,0.2770649112640921,-0.027960579092287552,0.044010785204106215,-0.020708899410841308,-0.0023065506453992814,0.0015767119120641084,-0.013491187782220578,0.03264089364743397,0.001037309737296039,0.027189789911900058,0.012973202455919224,-0.00014475631457592012,0.0038661651427647614,-0.002340827346659432,1.0
101.6312260445685,1.8410014259120735,0.09142201305753364,0.10115775977308179,0.012241367684514207,-0.08580753535615794,-0.01736368816541024,-0.020215430354146337,-0.04663543910356894,-0.042115205324050234,-0.0031399520178080104,-0.0018466359565537285,-0.007050524715671634,-0.07165200608919493,0.088438871616058,1.0
39.520437954715696,0.45697202905557377,0.04836419442531879,0.10371408395291548,0.03532809050883131,-0.02541147338741441,0.002630165773641961,-0.010623318978560668,-0.00549873533856834,-0.006539678004849869,-0.0014049605784579207,0.00016248872760256586,-0.004732481656747895,-0.00945892834489741,-0.0022131780298984215,1.0
-85.87124200143965,-0.641838213188953,0.12166836901417505,0.05793874727402432,0.021911668631217913,0.026882559754500927,-0.012569429320342084,-0.03774288290492586,-0.012485824404437285,0.0036616913220083934,0.0201963086532164,0.004414777605872512,-0.008736542499408124,-0.0017306344793899906,-0.0020546028326871397,1.0
-209.332292589784,-0.47539003067438446,0.0743796391404627,0.049764989985945376,0.0022160350231603307,0.0161688967098768,-0.029828556716335334,-0.021291732441089787,-0.007657680453210639,-0.009279057151887418,0.005863092894437158,-0.0028818192033965013,-0.00876216143763113,0.010904321153932995,-0.006872350524277363,1.0
-78.22430309828033,0.0518093212623748,0.021879068853296522,0.09573140379383002,0.018442857087877573,0.0055680313328566235,-0.00893642877968978,-0.0066404580319277895,-0.0035304224242105626,-0.0023013824813790866,0.007511077858409479,0.003880264488773276,-0.0023326818154380024,0.005283403437842177,-0.011444568457081819,1.0
-89.26391822195426,-0.15110675516688052,0.03549107935859545,0.0809585124636634,0.020744104050206085,0.03310787210502652,-0.003507081749714178,-0.00465183193671314,0.0035035845749730957,0.013241746984261296,0.010097449044295747,0.004593177229751262,0.0005363056387525068,0.005597861259496105,0.005802604399383227,1.0
-170.56970201674235,-0.22815444684534972,0.050775517934383285,0.07067488877367893,0.008568188134610086,0.021239011688647853,-0.01820332610927254,-0.008532329079980317,-0.0076857478632759105,-0.0023444783556224426,0.010072108633853457,0.0018691128245515926,-0.002647034058669702,0.013211073780029258,-0.004105278006749214,1.0
110.85207428731371,0.2846973521932351,-0.2401677038888092,0.04655019663430659,0.0778566527673111,0.034096761424102576,0.04055016853637258,0.02620733891461431,-0.014300072517077553,0.0029422644073869033,-0.027227530990027744,-0.02115548162897131,-0.017305807673693455,-0.0061340785043211225,-0.0026973595178182703,1.0
118.01441286470948,-0.8624962252266714,-0.1182403078861927,0.04033814236609923,-0.01654062582458478,0.01767729141825834,0.02057048502249725,-0.007455808043578522,-0.01211986563425815,-0.004449914544521921,-0.0054193106429931215,-0.012341956497875783,0.000746159635681531,-0.013026147622002463,-0.006563000440877579,1.0
49.17019669472769,-0.6085741181798033,-0.14449061042529268,0.1080475915885508,-0.029617379531490327,0.059488361522032004,-0.005042740012402263,0.011374696976950257,0.0072265252725036,-0.010101974701876256,-0.00331458056157996,-0.002758437315474023,0.007368843634866724,-0.009026514212757604,0.008158123415428596,1.0
20.82891051651085,-0.49885504380975887,-0.02788877714135349,0.020301297874814196,0.024213017835300395,0.0012055329446573034,0.013492669193989691,-0.010554986258853063,1.222268789067984e-05,0.001363557946762818,-0.0007017230822452147,-0.006871879006347722,-0.004718372644267571,-0.006891360426902473,-0.003455625191760615,1.0
-5.9060147062545365,0.10640389494053412,-0.029951896417544397,0.11889426710933615,0.011029202021775708,0.034322954391595016,-0.004645894384550533,0.007702885480720891,0.006062471904282889,-0.0015638520112555194,0.004458745600847883,0.005734173584502915,0.006542151095054522,0.0028763142754444303,0.0009247641238398258,1.0
-12.505500384341419,0.7963526986896315,-0.08219294956675428,0.09700745673146363,-0.023129888544344644,0.01399926648932751,-0.027234320825601982,-0.009264001343919111,0.01977581683446743,-0.021380858911105263,0.012477355902174298,-0.0010024457829086726,0.0044211554565731104,0.013489952638827959,-0.008385712878433791,1.0
372.8029665776098,-0.3028267971699284,-0.007104342103982439,-0.0021253671419113928,-0.016821764396417402,-0.02843265432390888,-0.0074307348985272895,-0.015181752454516863,-0.02310722109568862,0.01509014592437261,0.03879238367632502,0.02268898484738059,0.04664546725669996,-6.019193688407642e-05,-0.006686487504171457,1.0
-23.365823454897974,0.7146344317037148,-0.012070756552826207,0.11393209865205489,0.03000246790856217,-0.038844771020427236,-0.0013505206153967683,0.0004928504660619624,0.007451857515656608,-0.0018945849998440389,0.0002681731495473746,-0.0007948170109665979,-0.0011936708392577627,0.011896931692703892,-0.017722382042480445,1.0
-37.484089518617125,-0.1102117607379078,0.07288629722311045,0.01230816561968034,0.010454598930535403,0.03608187468900436,-0.023250327290642765,-0.01892432127890547,-0.018429738419865477,0.019742430023561942,0.012574598695631158,-0.0008596615253372639,0.00039333008653892203,0.006740789632895165,0.00302272293318106,1.0
-288.5442066559779,0.2770649112640928,-0.027960579092287573,0.04401078520410616,-0.02070889941084131,-0.002306550645399283,0.0015767119120641136,-0.01349118778222057,0.03264089364743399,0.0010373097372960386,0.027189789911900054,0.01297320245591922,-0.00014475631457592735,0.003866165142764752,-0.002340827346659435,1.0
102.2287687533512,1.8359798595920909,0.09006587134829615,0.10012638274735709,0.012657330848204704,-0.08574162255303551,-0.0160599628740619,-0.018622622503723252,-0.04542817567282697,-0.04178316897617877,-0.004501957407801869,-0.0018853075867820875,-0.006570646208508639,-0.07125127894261749,0.08830234140807802,1.0
164.9058467370567,1.9682674875772843,0.17146522744093828,0.13483133241510878,0.08366138190884613,-0.02428897537969161,0.048528634524626545,-0.0010421648958027386,-0.014522374352981721,0.012575773584769185,-0.001834517633029584,0.006482881466074019,-0.00817427488972966,-0.002153507095011059,0.0032459967551922973,1.0
-85.65852624559368,-0.6434800621463189,0.12243340671585397,0.05612421869787969,0.02150968932025154,0.027473583092479527,-0.0122764846446673,-0.036030511859957245,-0.011868813938729635,0.004116072498229758,0.018928801450357732,0.0036453529456035704,-0.008124530453815261,-0.0004324401922838665,-0.0012658861335512928,1.0
-89.2639182219543,-0.15110675516688069,0.03549107935859546,0.08095851246366342,0.0207441040502061,0.03310787210502652,-0.003507081749714184,-0.004651831936713132,0.0035035845749731087,0.013241746984261308,0.010097449044295761,0.004593177229751284,0.0005363056387524948,0.005597861259496111,0.005802604399383239,1.0
-170.56970201674238,-0.22815444684534963,0.05077551793438327,0.07067488877367895,0.008568188134610086,0.021239011688647853,-0.01820332610927253,-0.008532329079980317,-0.007685747863275916,-0.0023444783556224474,0.010072108633853445,0.0018691128245515503,-0.002647034058669691,0.013211073780029238,-0.0041052780067492274,1.0
-9.55332625756572,-1.141102886914596,-0.05628952546829297,0.06085773759254785,0.02171502291380779,0.0024258412800240697,0.0023028190403939094,-0.00297990295252527,0.003985238165351111,0.0027517594694903605,0.002906766026474364,-0.00490585257430354,0.00037859992707011265,-0.003697453957183084,0.003533727070192575,1.0
110.85983238929452,0.28613860709022526,-0.24540598534828204,0.04749992318127464,0.07620855131325521,0.03417349316004548,0.03871568194803204,0.027593022743269358,-0.01301590850483154,0.0029915774205687188,-0.028195058128588853,-0.020814264464639284,-0.0161429274442921,-0.0055891535695652295,-0.0016665102361784626,1.0
23.61009362571369,0.27969928471177413,-0.0745779136580263,0.16291129792696668,0.0772407236577975,-0.01876928593306347,0.03498723521943211,0.024963307249583636,0.023813283901395945,0.022813276378749327,-0.004513167097615854,0.0055410933345395675,-0.003536582226236744,-0.0025846838412871232,-0.005275434447318504,1.0
636.9346515140409,-0.459696669353563,0.0360362419342009,-0.003365684405421252,-0.0201510702476413,-0.046133187733920604,-0.023671077757846617,-0.03456203940832393,-0.0044006508506260825,0.03639445677287141,0.01285641356284277,0.028323292389063667,0.015616020395566182,-0.017663139177110546,-0.014250270385343558,1.0
286.33336022724484,-0.732327316777109,0.010172130436103368,0.045560580235998294,-0.021041700400785037,-0.013455010143166848,-0.018973995671901354,-0.03337954482133182,-0.008771491995785375,0.015404309406228925,0.0355329152703653,0.012682091912629834,0.034827677588127645,-0.015435674211783523,-0.010666376575209174,1.0
372.8029665776099,-0.30282679716992855,-0.007104342103982475,-0.002125367141911375,-0.0168217643964174,-0.028432654323908905,-0.007430734898527247,-0.01518175245451686,-0.02310722109568862,0.015090145924372628,0.03879238367632498,0.022688984847380578,0.04664546725669999,-6.019193688407757e-05,-0.0066864875041714586,1.0
-123.10886799052426,1.58947809068957,-0.06344182481476511,0.09005017633379765,-0.05929682774656726,-0.14285952775460617,-0.1047110956002243,-0.009118044076356049,-0.054519046314862436,-0.09197613735778627,-0.011982756849620357,-0.03335938979192238,0.0003841308711588342,0.05237682991110809,-0.0268647712274489,1.0
-125.25042846448976,0.5061544854529297,-0.037101872718567394,0.08093945819003569,-0.036527014381300446,-0.06322813285230704,-0.07208235851676663,-0.012430845037802177,-0.03233181590580726,-0.03167611934665475,0.00042108395675773775,-0.015059027444411562,0.0030783965274164098,0.013677268877275195,0.001220615331821301,1.0
-78.20867461447669,0.05209896326561808,0.02345625694058668,0.09640262656728894,0.018865201319042485,0.00561111692377691,-0.009160269839428787,-0.008019720362615008,-0.004113936427412403,-0.0019203147829020663,0.008513627169924418,0.004408216752961668,-0.002661157529213118,0.004390854355540044,-0.011542251016756596,1.0
28.738342707515717,-0.6457082653099229,-0.07624490955775488,0.08049727731436981,0.024520371745474202,0.015710561959283886,0.0095586651653215,0.0005447813729727,0.00040240236289540936,0.01060439191204336,0.0020097746718702285,-0.0025336697058396074,-0.0006786366363128149,-0.00704696919554812,0.0015717447812855184,1.0
139.65835470668023,-0.31552945049543607,-0.1931985854466174,0.012340976016020883,-0.017046764319324517,0.037609375674117686,0.009276960291258613,-0.01020296937959292,-0.03507215839801206,-0.005669448066937215,-0.006187248025780421,-0.015816215442974325,-0.0030787247757860484,-0.018518836805816875,-0.011194638118986239,1.0
35.107897006284645,-0.817180335326827,-0.00843771150098653,-0.01802951322462686,-0.012609055609694633,-0.012575929696283858,0.007920841421775114,0.017651027438402675,-0.0006832726348020512,-0.0044446106759961695,0.00397705410283581,-0.02040434357368726,-0.0075003225425378925,-0.00344187361661175,0.0013441146713124516,1.0
-23.4776927688345,0.5024910865035808,-0.009661325874456369,0.1212803649077873,0.020312371162416108,0.002766241924231233,-0.004945303009077053,0.0006588011237380992,-0.0008965912933612532,0.005172334609688185,0.005590777172257054,0.006726070018011029,0.0015953681343234191,0.000708115131368109,-0.010808158961913037,1.0
-62.02324059083161,0.5196189197543937,-0.030062789819201994,0.11158107917790025,0.021109250717280443,-0.028600443010104275,-0.00879631257624574,0.010219933451995839,0.0015366980168449267,-0.0007656592342088126,-0.0008593422808209857,-0.00041011242714512804,0.0015122033443911072,0.018150316715614297,-0.02694841045629386,1.0
-31.95620897713126,0.14845033680882996,-0.0176219040727821,0.12117919357726435,0.03852128487018888,0.002163451812463774,0.00808960210564307,0.007584969918473393,0.007630218412812312,0.012273672571968113,0.004461064531145933,0.005785820836701764,0.0006420804285640177,0.0037996516114930058,-0.007621741988818863,1.0
55.55390755050969,0.2830095562339207,-0.0016884238154391434,0.10691629677231884,0.0053388918669082415,0.02317279993293131,-0.010350105766753085,-0.002052081019655224,0.004276266232507138,0.004452009113754524,0.004023332468727751,0.0024965164905402736,0.005718222293799459,0.005435490325368221,-0.005585044531221743,1.0
4.786418153450974,0.6379144052918582,-0.026467096377729215,0.12470946931298076,0.03767028630227084,0.016677976407608583,0.008540639638029921,0.01491753582771231,0.010850874360351613,0.020084335157625782,-0.0014801831138426015,0.002778107944540701,0.0035375348877933707,0.009693268471064958,-0.0016701520022330881,1.0
-23.365823454897903,0.7146344317037154,-0.012070756552826117,0.11393209865205488,0.030002467908562175,-0.038844771020427236,-0.001350520615396734,0.0004928504660619688,0.00745185751565657,-0.0018945849998440163,0.0002681731495474219,-0.0007948170109665955,-0.0011936708392577488,0.011896931692703887,-0.017722382042480445,1.0
-125.25042846448973,0.5061544854529297,-0.03710187271856737,0.08093945819003565,-0.03652701438130045,-0.06322813285230704,-0.07208235851676661,-0.012430845037802193,-0.032331815905807255,-0.03167611934665475,0.0004210839567577408,-0.01505902744441157,0.0030783965274163954,0.013677268877275177,0.001220615331821304,1.0
-89.2639182219543,-0.15110675516688052,0.03549107935859546,0.08095851246366344,0.02074410405020609,0.03310787210502651,-0.003507081749714181,-0.004651831936713135,0.0035035845749731066,0.013241746984261303,0.010097449044295758,0.004593177229751288,0.0005363056387524901,0.005597861259496113,0.005802604399383248,1.0
-12.957228552331674,-0.5894797068793008,-0.10316442225801352,0.10162868439736533,0.016816826051080397,0.021171685411080436,0.0020666670145578414,0.014955057883710425,0.012546649646037565,0.007021415138704583,-0.0005401854338759862,0.0010931257269334229,0.006621659176039619,-0.005202553202251173,0.0078087933942691135,1.0
106.70518969940979,-0.7413239619376719,-0.12401787542321076,0.09199188820899463,-0.019924539610175568,0.04113918464154993,0.0012024035866098708,-0.0038395136280199695,-0.0002758591961958741,-0.008566081380371654,0.0004053140187588357,-0.004516646503429326,0.0026606660380528095,-0.013118422799523402,0.00046324718374920505,1.0
49.14240334193369,-0.6067206930963964,-0.14564073836190838,0.10985703262569703,-0.030764546752775634,0.06000155538202363,-0.005922992979133482,0.009603778746850254,0.006543067347662357,-0.01082958085794829,-0.0024018317848849653,-0.002167460721103647,0.007084595187444423,-0.00997232734663697,0.007649093663726827,1.0
-39.640321412780295,-0.40055776583462055,-0.023251657335747036,0.030008425624209495,-0.008788826238507678,0.00857105817773357,0.004548889839900073,-0.01709968030851957,0.012350198161618857,-0.005674937939223019,0.00035434971616844123,-0.00391190576078497,-0.00272635898755505,-0.010094923424008714,-0.0037712811061565905,1.0
-61.63835462467842,0.11134753411665631,-0.03699911324574044,0.13769972362309563,0.061252096409314824,-0.006819737205231567,0.0218952991717924,0.016325207706317877,0.011513222101312967,0.018838652943031164,0.0029347260148235793,0.00668000081040733,-0.0008606415051159246,0.0015647940384255848,-0.0014476831484612229,1.0
55.71606346544356,0.28228283361023315,0.0005391739562189095,0.10621183059002448,0.0054681915608796915,0.023632623363994156,-0.010218677359843272,-0.001905888586606995,0.004151395745511932,0.004551626883570426,0.004137932664620428,0.0020265027041176183,0.0059501902502850056,0.006760584283684543,-0.0047563318420622384,1.0
51.20764232656499,0.7941010393515155,-0.03267672040853253,0.10624547654690603,0.004110158736520023,-0.01163261142219869,-0.007447119596887015,-0.005490244782552752,0.006728923325181528,-0.014296598443794037,0.006808853355042174,0.0003280977015296233,0.0034045112215941725,-0.003957766817885454,0.006962277747777475,1.0
58.11413045681112,2.6909504785148286,-0.04517094340971121,0.0487068053035283,-0.0827369359301786,-0.09126761262018736,-0.09274257480739491,-0.03176982211789057,-0.005182463670389231,-0.037984019319712375,-0.0016489727549915743,-0.0071438739908823165,-0.010569808139043981,0.005676179444085567,0.00017504633004358073,1.0
152.7935107718653,1.1356455614687855,0.13211700505100074,0.12291746680336851,0.07565777520862864,-0.017386925709161633,0.04010383275484147,-0.00631072895659546,-0.005461628362964722,0.014257868304306146,0.000487840143732429,0.004807176690372058,-0.006332934341436364,-0.00010074463115902181,-0.0065002455183546,1.0
165.09702208474081,1.9651752952653898,0.17385268609222862,0.13607724574022556,0.0836685814923643,-0.023695702282895317,0.04765529602520594,-0.0032601864662904073,-0.015662598705147655,0.012329964845631553,-0.0003263932749743027,0.006901010254242882,-0.008875246280533924,-0.002817297887288572,0.0026291237870260695,1.0
-4.371696460942607,-1.2112512494790044,-0.008650990408590544,0.025095230297407997,-0.002108657346143391,0.00027640384615325135,-0.02377244586289547,-0.024691613237288905,-0.013234673423682843,0.0029449763624769896,0.03141313829885472,0.006395156287931599,0.020958632827102478,-0.004690928949955817,-0.0019889063946394716,1.0
-60.7634760161581,-0.37344860088722887,-0.043321191490598314,0.1191117532711952,0.04878040390859291,-0.007075553706058975,0.013013554518933278,0.00518655460726865,0.012428089703494192,0.01770411276518595,0.0066265640997353725,0.007871815090064845,-0.0024015437042971357,-0.0114357914196869,-0.0016197598080654313,1.0
611.1053879328019,-0.8006221781722938,0.0257415323906764,-0.006689364283361764,-0.006432674446115898,-0.04702964896697072,-0.025872630014658147,-0.03992664577459972,0.004561522086963416,-0.001758928479186095,-0.000696906432309181,0.03430402370096483,-0.004016308189921153,-0.026949063447408425,-0.019550750985869534,1.0
-23.365823454897964,0.7146344317037151,-0.01207075655282621,0.11393209865205488,0.03000246790856217,-0.038844771020427236,-0.00135052061539676,0.0004928504660619687,0.007451857515656603,-0.0018945849998440395,0.00026817314954737266,-0.0007948170109666171,-0.0011936708392577607,0.011896931692703875,-0.017722382042480445,1.0
-101.8283708995826,0.9151614027389255,0.025177152166307178,0.037349703623025136,-0.028980803148157822,-0.07066399311666068,-0.039057707196206375,0.008276369262542544,-0.011487649662629596,-0.040290032415056465,-0.022701265787855984,-0.01627988311534994,0.0011832641971288437,0.016753311559129347,-0.005516918015360813,1.0
-288.8437842017726,0.25078814532111915,-0.004370501626046458,0.032134708973538824,-0.014698693259075466,0.0025905152275945225,0.009026429587705671,-0.00043679832650516396,0.03555969159622105,0.00398024556586032,0.017530762672160943,0.005870490917539438,-0.0006899017798600814,0.016452681329744177,0.0043070615638502304,1.0
95.06477162176373,0.9633425279556139,0.11540807346252617,0.1056869890986158,0.06742402176801847,-0.028290558549918417,0.030931826727100323,0.00833323058082821,-0.004916629935855562,0.004920562461090072,-0.012196077663759772,-0.007733345830475764,-0.006287998611713875,0.008700053046631838,0.013276719283298197,1.0
-9.365135489404354,-1.1843400784320648,-0.039910331807351325,0.05374263424191118,0.026310461992767008,0.006485557485178931,0.007395011040046716,0.002315285437187069,0.005902274273908538,0.005188766584162509,-0.0018298888817098726,-0.009231635328673108,-0.00077964199850433,0.003748176459770842,0.007987770989203733,1.0
-13.373733671785917,-0.6302462275720785,-0.08343579265792184,0.09218309131355981,0.02390232521065761,0.02416246235086299,0.010254723211391058,0.024353170934210303,0.016121722817436946,0.010516715089120153,-0.007925418182985228,-0.0051728478818827955,0.004999142780398486,0.004600217415852118,0.013261724357099759,1.0
80.15195134095124,-0.08211697216078347,-0.012885648605556285,0.014376641206603416,0.003414647222266431,0.014004739159510147,0.008516957883823029,-0.021045981776076913,0.020560283318458307,-0.010471488690194148,0.004121721035997148,-0.01153145905842068,-0.0017199999921199344,0.007885275709174222,0.0008089330484550048,1.0
-38.93535687540029,-0.440841305179574,0.004384933725504444,0.023875034044781297,-0.0012449589061578337,0.015032905872145664,0.009531617837149352,-0.01360478309385165,0.013247571139479893,-0.0030779695573023365,-0.00217422129884889,-0.008494287156593464,-0.006400219859350591,-0.0006122940451817532,0.0013976647930977416,1.0
-48.74145098964014,1.372593866235918,-0.010898928182710186,0.15843614405686168,0.05911796689375916,-0.01310342778469863,0.019638567158490355,0.03903100144475677,0.004239816342767388,0.0011843003231657991,-0.016545538454045293,-0.006507666986802747,-0.0006624056174823559,0.033425261025661616,-0.0013758481681309242,1.0
-22.955724298125922,0.4563948653112389,0.014872547695608217,0.1056124106824244,0.0268783441717375,0.007394992563283395,0.004680325309933386,0.014234452328691095,0.0041524274086735214,0.008467850433986618,-0.0045967059509306836,-0.0004619470798600107,0.002559250929119438,0.013659427574659384,-0.002566146897670408,1.0
-124.12861613717455,-1.4880626782150572,0.1567058521425157,0.015036268702094128,0.020695910517063053,0.030497055811886407,-0.04674305680091863,-0.05904770311170218,0.018058406457521416,-0.02707480707296066,-0.03960402158476637,-0.024486705833223973,-0.0396867760670489,-0.007466510493746004,-0.0021728822304206913,1.0
232.35123062297694,-0.400463169750534,0.05569493040738473,-0.01271091761280944,-0.00430837295319868,-0.0037239512229669566,-0.01872718556434005,-0.007337757847119963,-0.013695171063819931,0.025206080364478897,0.016905118019996185,0.022883791404980106,0.018866163809726832,0.008924218748287869,0.0018776097781394699,1.0
36.5082284154142,0.6441674094410184,-0.048209893426772114,0.14618839841027936,0.050679916545600306,0.019078520880629713,0.02349291194191752,0.02812393757025904,0.02667683718427225,0.03257959730098511,-0.008088614506431328,0.0024586390368832012,0.0031375892605092987,0.008684778368044968,0.0041782097125540015,1.0
633.8658734227209,-0.5022035037371437,0.05099435611477362,-0.014887775958547003,-0.016358463190473793,-0.03892618294863828,-0.01647426332458844,-0.022728743943698306,4.988597868908271e-05,0.036557563849799156,0.0042019749015268035,0.0227832112698131,0.016703456332948983,-0.006976692441331162,-0.007592484751231411,1.0
-22.92785594575029,0.6722237821987889,0.02047030386685403,0.10110811945199591,0.03676165124277235,-0.031138336543179414,0.006452297715425156,0.008044930232416111,0.010080983729445025,0.0018888856249182347,-0.0055551761604599615,-0.006583396423026608,-0.0017048463414575164,0.022620729832466813,-0.009199206846569231,1.0
9.827573261215525,-0.16394970018576493,-0.03903591599054553,-0.09472746730215954,0.05133751005467586,0.011818968179205358,-0.014704198949006774,0.026194972504505813,-0.007314630076844748,-0.006066155971802621,0.0003699807578503509,-0.02793350375445312,-0.002465763841041998,0.01448662168289817,0.009490255685861253,2.0
-211.58373633726978,0.22887539385636813,0.04609441226342352,-0.041705395081021925,-0.00028427979045107484,0.009047041009453916,-0.005639331933753523,-0.00757896164845404,0.04956154961791945,-0.0011638381733851504,-0.0022044578656241487,-0.000577867495198676,0.023483155760828513,0.014617056352626853,0.01793243371765573,2.0
260.7491668467716,-0.9059453694552992,0.03037881715952541,-0.03349871398382692,0.006674298376231529,-0.01752705794002615,-0.012851061982341925,0.02824488032742707,0.013639243779520718,-0.01200838674176203,-0.0020973666218692738,0.011968883465289721,-0.013794055495656824,0.0025283934012610356,0.0004014408838141249,2.0
51.69296444292758,0.6477285185305564,-0.04158933528581641,-0.11977064331468615,0.04868600216299538,0.014613114356262726,0.006685868235754197,0.0018079008092974184,-0.020660154575124594,-0.003487352961517127,-0.021781576856348354,-0.0116397820982359,0.020325761535318187,0.0041898514361528,-0.0017151272235751563,2.0
79.52338806693464,0.5375708466566991,-0.0009672904438486175,-0.04843744175420884,0.009044471006180298,0.05504351915643876,-0.02348510000411999,-0.007929697582706969,-0.0424296527395463,0.02675621144254862,-0.004532342609841524,-0.003572603354971066,-0.007281600688503394,0.00885837569423742,0.002134701907814102,2.0
52.0227431481405,0.23855308537828493,-0.012114297769127987,-0.0839578241492004,0.02741115530526294,0.011399374971519131,0.012581906247306825,-0.012206606023617141,-0.015312151006743824,-0.004146382273203921,-0.013037974847682682,-0.01660414651524733,0.008450189689808336,-0.00044556720723820084,-0.007049089356908146,2.0
31.7992162444792,0.6223590799777063,0.013842294510013002,-0.07606791783218216,0.017668359874453497,0.007941705376609114,0.0038711523322939286,-0.022611820571717168,0.013970106552392659,-0.0006940604551248952,-0.003522077281011253,-0.0011890648593221361,0.01896210377385514,0.0013440200865134748,0.004381646068332757,2.0
31.613415748052343,0.3458687984560671,-0.01396653407141751,-0.09327722836767123,0.042418459250077006,0.02035353898119995,0.0015542879621387163,-0.012337755649802419,-0.024448867285727423,-0.0034426104341366134,-0.005638018729155388,-0.013100194013996997,-0.004234118590849647,0.005650413489740464,-0.0010144830484939784,2.0
283.91429345287406,-1.3889349700563185,0.09858281103554578,-0.016918566175603496,0.007531256370882818,-0.008971700270262747,-0.01947810423125608,-0.008226903437574751,0.03255269230257391,-0.025190896836741535,-0.0409412862399313,0.005027784505257085,-0.0247346769035065,-0.0015190370656853187,-0.0016111401991607578,2.0
191.0400288951736,-1.1245370150213703,-0.08385373281884208,-0.0045370051744257085,-0.040092765055961765,-0.04477824022684764,0.040677855437448576,6.207404709235755e-05,-0.015163156971370578,0.0008368143817936525,-0.008758853790392405,0.00043309563681017863,0.01015969680796568,0.025687730853074305,0.021142389574688437,2.0
9.017402936297232,-0.12664456013069703,-0.0502777978376648,-0.09337996003167597,0.04719101574148527,0.008666624890519413,-0.015804241884583032,0.029864325200918345,-0.005385630502632292,-0.00776407568546745,-0.0005372585912228741,-0.026198245892186882,-0.000429623587162522,0.008383391147189872,0.005963039333499942,2.0
415.9716592845349,-1.728602256471277,-0.022493492742804717,-0.021205002026112085,0.008652078031455086,-0.022062057691338954,0.010794542941861461,-0.04104655128669299,-0.009219502029300273,-0.016534632568783583,-0.000653344756651248,-0.022107472154814865,0.002471480794721312,-0.006389290805445006,-0.007004755231334848,2.0
136.97995542590635,-1.2256624087300496,0.08565474390454032,-0.009204701028622688,0.020561166337475918,0.006524111467316668,-0.022488659118195815,-0.02979720374501207,-0.0067101724821752645,-0.006877229417911776,0.004849456461756131,0.003931206731746504,-0.009351413344303063,0.0057941353535353665,0.0026844613152129026,2.0
51.057990897195175,0.28648852612337633,-0.02944558473239186,-0.0835003378613077,0.027190874954101125,0.007550174457598714,0.008802155646586911,-0.012401614519846938,-0.015937359588150703,-0.005502308760997164,-0.013149875094146994,-0.012400606522904782,0.011977105386170807,-0.004434096079842061,-0.008813025844697153,2.0
203.6532799424299,-0.6039281690711545,0.033465265675429914,-0.039661257918379995,0.014065244528577079,-0.01034178492187352,-0.017070572466702873,0.013706295162168486,0.002977697389877613,-0.009967616884045828,-0.011221420117998142,0.025032697096638808,-0.004989021607337415,0.001221321440310811,-0.0028281613401274926,2.0
-109.05781331171177,0.37979715688845933,-0.05244996531380896,-0.05950740898099579,0.007614462917158326,-0.008638108867014965,-0.0074085363436465915,-0.02439103433798967,0.0481841537087935,-0.00871872545775714,0.007579443461676697,0.002688579680704801,0.023787189959713972,0.0005538309861974161,0.010320148539948256,2.0
-176.11925425300637,-1.247451445688687,0.15472239938313156,0.0023535325228801265,0.02520672048300011,0.041805260483752694,-0.03229597742001059,-0.03789815508323908,-0.006691271628591045,-0.00820515989672145,-0.0032400787001747276,-0.0031374614850334815,-0.026544598511527837,0.013308423599641014,0.01011326010331644,2.0
-255.99479521773716,-0.13508928752197302,-0.09002867329306816,-0.01398631197236964,-0.03125043626897316,-0.009776080694696139,0.015115651794980292,-0.014154019208468902,-0.0038203691062035903,-0.0001560112987046407,0.0023882946564639566,0.0011128431791975998,-0.008736127143030613,-0.022501594859902774,-0.012888223821806514,2.0
-325.63237737373737,-0.5850474811448733,-0.002290501595320632,-0.008905116704782497,0.004721044438234558,0.013907979733928114,-0.020955631596059236,-0.0244056191945148,0.021579027052310122,-0.00156950158344632,0.03067611800271709,0.003820468718143565,-0.003371101683574479,0.007298298470058686,0.01405316545371017,2.0
-37.563016631071406,-0.592744589832612,-0.016836110455243893,0.005483502162517402,-0.012185690704963765,0.0030925531640994745,0.004245883089765227,-0.025443988302256228,-0.011930861423858881,-0.006612852656329988,-0.004971435910707202,-0.004319206653946691,-0.011218794245723673,-0.018280579666640834,-0.011082132920614413,2.0
-284.282831943071,-0.07712474904300336,-0.019184590807768853,-0.01238712632127473,-0.04437111108834923,-0.001403085705759529,0.03906993779690114,0.007014944725051456,-0.027287069140371316,0.013434738824031376,-0.00960809462661377,0.013757472512919998,-0.009147358709126438,0.017272716495483315,0.013365652440714148,2.0
-19.328315882230484,0.3331741874898245,-0.0008390565952219858,-0.03415025650224331,-0.010059051600276092,-0.0013533094418186962,0.010351930065748218,-0.03327650385680897,0.022529580269860634,-0.006577334809679383,0.008780876839290876,-0.004333563766259827,-0.004731348583314564,-0.009416507485110196,-0.005746438056158183,2.0
-249.14518753615843,-0.1452394208307312,-0.03932940174450667,-0.024693624174276802,-0.006864654062682034,-0.00472753887795113,-0.025646379284281852,0.05934282923957913,-0.0026904848261057194,0.0023139281729870446,0.022489412489298508,0.015353149761889028,-0.010309187930433257,-0.006911378721850771,0.0009852066635148327,2.0
-269.22623283594595,0.0297351448388272,-0.08006363201276273,-0.00414869762620354,-0.0022668931095865246,0.010593338924621894,-0.0006668397593801505,-0.016986300368970968,-0.017328771266145702,0.0016506586930790988,0.015554663515487042,0.0058777816159382825,-0.01054928817567363,-0.015918591549055346,-0.008038365115265836,2.0
-49.25976641656858,0.5547997418002044,0.012716672540273153,-0.02757781977642815,-0.03089080414564197,-0.022763798895196183,-0.012078248206960395,0.09077476564896247,0.010333177407797834,0.002150597643888847,0.035425368754054554,0.012583823653616018,-0.013876240535285744,-0.016610549725087076,-0.009036685979609731,2.0
-276.7623094069697,0.15507646366513161,-0.06943864133021453,-0.030423972931773215,-0.005978812224186561,0.007732624706559275,0.0016584649682272342,-0.017057606629918565,-0.02324404825124752,0.0008936806622567454,0.012860236713952521,0.004365539615006034,-0.009989821314437854,-0.017446328524086285,-0.011211991382741829,2.0
-251.76301305956986,0.5377381173200285,-0.009232349620340717,-0.059600298137067985,0.034216131581805406,0.025664825779201587,-0.025218179767224545,-0.021020495632365233,-0.025126909428996026,0.013054999092694619,0.024794378714761183,0.002587827436836838,-0.006012529014878619,0.001407559037301918,0.0017467394711756128,2.0
157.1402079276381,-0.27193050733757357,0.06961154955368028,-0.024559215279750572,-0.012545777183877943,-0.004759438766345155,0.030866845672270708,-0.008273709278405037,-0.02968974688836005,0.006253796059873835,0.013954754825923543,-0.003883463329109264,0.018153152229480395,0.019799334679329098,0.010475416448194583,2.0
191.0400288951736,-1.1245370150213703,-0.08385373281884208,-0.0045370051744257085,-0.040092765055961765,-0.04477824022684764,0.040677855437448576,6.207404709235755e-05,-0.015163156971370578,0.0008368143817936525,-0.008758853790392405,0.00043309563681017863,0.01015969680796568,0.025687730853074305,0.021142389574688437,2.0
-282.42487244755836,0.079178424491137,0.00297777100736878,-0.021556552016651256,-0.026506133731202135,-0.005363418860198942,-0.013544348205184728,0.04153414403226529,0.04885252881160698,-0.004809834112183809,-0.05202387878632015,-0.004879210249935069,0.0435394396328528,-0.01168991484486296,0.0018289613023654682,2.0
161.0555481368815,-0.32587751007090465,-0.06995097161007548,0.10217649109317055,0.022772305157832556,-0.004444493643002059,0.037685702038691093,0.012658074314192226,0.011638299616926341,0.0050303300857881894,-0.009324054615334327,-0.0028707705849999833,0.004544058879646247,0.0012048749554246978,-8.421087898096128e-05,2.0
261.25572735668624,-0.8663711410959534,0.015411380744407845,-0.034891301211655956,0.003858960407236529,-0.02110802190792256,-0.013265251382356322,0.032806224015041095,0.01665743462715053,-0.01282188609057308,-0.006385693694783812,0.01407599028715515,-0.010756530322249267,0.000515538718348897,-0.0006871232496479932,2.0
101.23666905927949,0.8722368920987181,-0.034943211002828656,0.07874201326567036,-0.022959216629721682,-0.08234569558725803,-0.038189934424941764,-0.0018645489152459337,-0.0048191892541460625,-0.026370896385729738,-0.013402661782733263,-0.012491446440279563,0.002233136079240404,0.01310016764874619,-0.037049986817152256,2.0
-42.470285435633535,0.15111639384486242,-0.10432327366990964,-0.08107190720054243,0.02820946508943709,-0.0048673489727535865,-0.009508846071548626,-0.002798763584063459,0.0029822598920978766,-0.010760818140856174,-0.01339182437772044,-0.004574795330305172,0.019757750857665148,-0.008087708666370288,-0.0010544864416739022,2.0
8.818765685021441,0.24460089608379237,-0.06031287657957634,-0.08871496967953867,0.03816264349727394,0.005184296300233967,-0.009046321162857286,0.0017347806496352872,-0.014619062556171371,-0.006303775025439604,-0.015120521689206478,-0.007470747656617994,0.012779939955669983,-0.0027966120167571456,-0.003954009836341812,2.0
46.96014486289325,-0.06840798461713697,0.005004637764490116,-0.0543922720156722,0.01810841696445457,0.0012732636426226014,-0.0063422988907459645,-0.006174775243984351,-0.010575553175395325,-0.009131369577584552,-0.018108536057692658,0.0003015557459950028,0.007880096722019916,-0.012687922549115582,-0.008630936658922575,2.0
37.03701067392923,0.3508577424011843,0.09855285300077504,-0.028608556770456605,-0.001086350857686157,0.02244869645109099,-0.01516538323040762,-0.00854780392688434,-0.018582798762276267,0.02302506693768478,-0.007504517240471476,0.01917771436170607,0.01396653581645599,0.0019598049437245866,0.0001617466294435017,2.0
45.60544343609741,0.28568541248558194,-0.05188068201535074,-0.08502269223866125,0.022563077790317985,0.0026227896944451008,0.010166716246251678,-0.006829644503969523,-0.014179399935520963,-0.006381173887508502,-0.016130811077791445,-0.01447502954948806,0.00949777610203501,-0.009884344999772955,-0.011540284633962146,2.0
51.057990897195175,0.28648852612337633,-0.02944558473239186,-0.0835003378613077,0.027190874954101125,0.007550174457598714,0.008802155646586911,-0.012401614519846938,-0.015937359588150703,-0.005502308760997164,-0.013149875094146994,-0.012400606522904782,0.011977105386170807,-0.004434096079842061,-0.008813025844697153,2.0
-109.05586747044028,0.3762915590589746,-0.04897069998571692,-0.05746779050269885,0.0073585670423156856,-0.008179696893064102,-0.007548215807128952,-0.027252407800272677,0.04661312232416558,-0.009264676693200996,0.009658508754757508,0.003566780853823365,0.02310457921531488,-0.0018912799468547218,0.008810703982231705,2.0
284.5335394130963,-1.351720934162865,0.08786546105757584,-0.015640452199744588,0.0041120039549783285,-0.01248709346634766,-0.019967370095311545,-0.005219777265466133,0.034491700094932735,-0.02580978258958884,-0.04193536565729745,0.005955325144141308,-0.022430158413088833,-0.004262239661228453,-0.003328913601273105,2.0
40.440427082849354,-0.16983829793386754,-0.19284334346904564,0.16347383862513862,-0.056346586691252,0.12886365649922815,-0.04193805632792345,0.02881858929788258,0.021944875265646393,-0.03246331669349629,-0.0027810413594954618,0.002405892544117823,0.01606344034482163,0.0035500359208391354,0.02860937145854129,2.0
67.28700177733316,-0.6496616199965944,-0.13935860555863605,0.12481722268064487,-0.0008326526867390735,0.03764775200927799,-0.0031233471757674026,0.01869494133217969,0.02200054031392997,-0.0038811269005333956,-0.004586111401641313,0.0002040117289027404,0.009517461061563672,-0.007613928648589783,0.010988960833482601,2.0
53.54042442825049,-0.36940027949034915,-0.04529188368202009,0.10945014353434789,0.04218236826945885,-0.023761029472830892,0.01120749756042434,0.010936659049346539,0.015374251839203953,-2.751885550040601e-05,-0.007313105965254808,-0.006072454059878245,0.000601265742850263,0.008262585781144145,-0.0056247038595695345,2.0
-279.41688575262003,0.04998016634359993,-0.018642945640294506,-0.04056058788520791,0.015029005533163992,0.011618570583169244,-0.026057850330607164,0.035026564892102166,-0.017624691953445792,0.004307102882595019,0.011914256130669395,0.020486463266041085,0.0001717747699722205,0.003290284720621125,0.005159650919182271,2.0
394.61037520193423,-1.782258688456772,-0.004688009864960889,-0.00947925732909746,0.0018312589216630502,-0.02871315291447712,-0.0019589932576493476,-0.011118012934048894,0.0060473922311424025,-0.013836156137149617,0.012126065918936012,-0.023286259778664203,0.01004932313857534,0.00609841351685693,0.007856401948391807,2.0
157.20505727110256,-0.2704953093484277,0.06933260883279174,-0.024695760622100868,-0.013179141040019082,-0.004521920092775535,0.031120609530206247,-0.008124883070332621,-0.029554139044271486,0.005980364962712327,0.013556700001472093,-0.0037551684688594787,0.018059069537973503,0.01937577162782262,0.010143457599859853,2.0
-230.08252032597395,0.4136208712644414,-0.061577312851208224,-0.03440625754340497,-0.01956739721957618,0.0007077820900552847,0.02182837579784774,0.01394143260383844,-0.031952261924045385,0.00807952463892432,9.109677532165476e-05,0.006147211281046079,0.005797851495497038,0.0007661041281903431,0.00016938323141179085,2.0
-212.154221742094,0.26784036262807065,0.036835743105151746,-0.040926985720407504,-0.002587236756250669,0.00664882274839035,-0.006737755549356685,-0.006058446699895292,0.049868570190481375,-0.0018909159728603695,-0.00335088234812989,0.0021612285828133083,0.02682431441070304,0.011514113681867917,0.016409636811363145,2.0
261.25572735668624,-0.8663711410959534,0.015411380744407845,-0.034891301211655956,0.003858960407236529,-0.02110802190792256,-0.013265251382356322,0.032806224015041095,0.01665743462715053,-0.01282188609057308,-0.006385693694783812,0.01407599028715515,-0.010756530322249267,0.000515538718348897,-0.0006871232496479932,2.0
75.65158124898976,-0.22521946603908616,0.030996511655001176,0.013740823464022226,-0.024129028196057885,-0.0056080323089370545,-0.020145431357999292,-0.033207541399083954,0.0022312928479538106,-0.0043935609842470245,-0.008723172029919447,-0.008332137854923453,-0.00609305916160818,-0.0158649222575071,-0.022751345630684663,2.0
175.38869471268538,-0.7657506495448343,-0.010742485248395182,-0.03516985718610475,0.006228016307182847,-0.02166904054733683,-0.025247548062599663,0.031090687949114678,0.016271129564726674,-0.012620443604035915,-0.021617480636188714,0.04284689930038861,-0.013759356741719403,0.0012617853571053124,-0.00139536803575239,2.0
51.396991057509744,0.6913065062447492,-0.06863328282863197,-0.12056653645608238,0.04735201666426772,0.009341578692025426,0.0030280898124891774,0.003006071056341283,-0.019405862024115015,-0.006518763429645769,-0.02320530699632836,-0.007614130839233695,0.02435803450466423,-0.0018488505274991663,-0.004167175646790247,2.0
9.160399499306086,0.2395561986593279,-0.056489992050445394,-0.0881646532716863,0.03962789897901727,0.006088371568282154,-0.009265455710654454,-0.0017892065871893028,-0.01643310584695032,-0.006634298612115084,-0.012625615085196456,-0.007803193508897256,0.01192164869039771,-0.0038358699358478966,-0.004710973358985636,2.0
65.03814211559104,0.07419496534512479,-0.014644215799660397,-0.06335474751421341,0.014204701943660303,0.008656971478318738,-0.0024177726062928895,0.014415726864028975,-0.012472152372792995,-0.004084053704093466,-0.021588920975132687,-0.00203043074225405,0.0118328392219167,-0.0025160414267287293,-0.0057644670088650065,2.0
-38.11829382424061,-0.02266370358598887,-0.07421803365908207,-0.0770098381996095,0.0335496189176675,0.0020417859837699817,-0.010027673250549493,-0.006554367573423846,-0.005193623060303996,-0.009598210003080188,-0.01061494786241863,-0.008953666348839519,0.008756373884543964,-0.0030410090931602793,-0.0007001287115785395,2.0
65.56582778825467,0.5406912170198411,-0.05061001882681158,-0.08177750970808507,0.03442431157826479,0.0040326828789287415,-0.024204911841425914,-0.011787820625226254,-0.019999615877569387,0.011922050682169961,-0.008493072555633838,0.008437700094292852,0.01833828959480847,-0.0074572532623295275,-0.0021222995059123335,2.0
45.60544343609741,0.28568541248558194,-0.05188068201535074,-0.08502269223866125,0.022563077790317985,0.0026227896944451008,0.010166716246251678,-0.006829644503969523,-0.014179399935520963,-0.006381173887508502,-0.016130811077791445,-0.01447502954948806,0.00949777610203501,-0.009884344999772955,-0.011540284633962146,2.0
31.534855387620624,0.4074922023144282,-0.032932386337107135,-0.08904682506576765,0.03908996885207655,0.015898184449769606,-0.0029857785368818356,-0.011982537984863687,-0.023295487653158947,-0.005017434558310661,-0.004182450332339259,-0.008595132025095575,-0.0013910052392192606,0.0012120030540845798,-0.003398235408691611,2.0
-109.05781331171177,0.37979715688845933,-0.05244996531380896,-0.05950740898099579,0.007614462917158326,-0.008638108867014965,-0.0074085363436465915,-0.02439103433798967,0.0481841537087935,-0.00871872545775714,0.007579443461676697,0.002688579680704801,0.023787189959713972,0.0005538309861974161,0.010320148539948256,2.0
-278.4137149672912,-0.37675019409417826,-0.03960017083757569,0.01684137815077169,-0.031769739770788605,-0.005430693111369291,0.0006487643941593506,-0.013957855521565254,0.0023581668451058487,0.0005675116886204499,0.010010655367134559,0.009253225964848674,-0.008207798587642015,-0.015272525175887463,-0.0081358703674484,2.0
-111.79316821893849,-0.240182782968846,0.05936982571400577,0.003838527041768815,-0.02133771968897799,0.006202481939356978,0.0028460816132387674,-0.03749206149584381,0.0029758852034246215,-0.005709808897699222,0.0017725447554327945,-0.0029678133344450217,-0.012163325977550266,-0.010365545185398466,-0.012467392946969587,2.0
-284.282831943071,-0.07712474904300336,-0.019184590807768853,-0.01238712632127473,-0.04437111108834923,-0.001403085705759529,0.03906993779690114,0.007014944725051456,-0.027287069140371316,0.013434738824031376,-0.00960809462661377,0.013757472512919998,-0.009147358709126438,0.017272716495483315,0.013365652440714148,2.0
-225.1503516795327,0.5628674823372461,-0.06344330900734733,-0.008335567709789778,-0.07223743419965319,-0.02889821388334722,0.06428084118672496,0.007185784595322452,-0.026516065269615387,0.014734223255343208,-0.01756616065422114,0.02688889902932149,-0.0178293653833654,0.016576107220443306,0.014344568325457696,2.0
181.17689140861788,-0.08843280138145874,-0.030724666265203003,-0.04227564832201237,-0.014844606004066837,-0.02297438527920987,0.03009961727039569,-0.004932951197719469,-0.0215510905684182,0.00058357709069671,0.005479908634735754,-0.005306235138524364,0.014906892706615542,0.005341766514810166,0.0020473669019580513,2.0
146.3626095242249,0.5060159943600587,0.025704195488558856,-0.029808487714413832,-0.06854740393970453,-0.034724275666168224,0.08589563264852786,-0.019356536321868734,-0.014348544120799377,0.010497841651794933,-0.016027551433248046,0.019189506812609954,-0.020040827411868987,0.02699915815418148,0.016317325275941885,2.0
-312.82263044963884,0.047865855803585905,-0.06304513054608478,-0.02214791629816232,-0.009469394189257378,0.002866370529341811,-0.005430665753488376,-0.015649852838611655,0.021544801895798847,-0.002104342205648218,0.023270688286408374,0.004211205661011545,-0.0004566883150033601,0.0005297591302558227,0.005013016995232819,2.0
-279.41688575262003,0.04998016634359993,-0.018642945640294506,-0.04056058788520791,0.015029005533163992,0.011618570583169244,-0.026057850330607164,0.035026564892102166,-0.017624691953445792,0.004307102882595019,0.011914256130669395,0.020486463266041085,0.0001717747699722205,0.003290284720621125,0.005159650919182271,2.0
-254.41572129664965,0.375208490157293,-0.04392615293782255,0.015386831847577402,-0.0359925175132646,0.018447533823371182,-0.01145055981050214,-0.015584702512770053,-0.0068380348563474615,0.008994899585218215,0.014287190804517328,0.006562016623083951,-0.006337889298165561,-0.010191711515249616,-0.010494856239729683,2.0
-232.02068845460667,0.538616126372963,-0.019422263061237465,-0.025187179945424402,-0.009077355920057612,0.023606619837469877,-0.0109169292977201,-0.027295679054939556,-0.01875845521277671,0.015596431347802912,0.019858581136782145,0.004313785900177715,-0.006700660624280885,-0.010738779806834324,-0.0071562199511472245,2.0
157.1402079276381,-0.27193050733757357,0.06961154955368028,-0.024559215279750572,-0.012545777183877943,-0.004759438766345155,0.030866845672270708,-0.008273709278405037,-0.02968974688836005,0.006253796059873835,0.013954754825923543,-0.003883463329109264,0.018153152229480395,0.019799334679329098,0.010475416448194583,2.0
191.0400288951736,-1.1245370150213703,-0.08385373281884208,-0.0045370051744257085,-0.040092765055961765,-0.04477824022684764,0.040677855437448576,6.207404709235755e-05,-0.015163156971370578,0.0008368143817936525,-0.008758853790392405,0.00043309563681017863,0.01015969680796568,0.025687730853074305,0.021142389574688437,2.0
22.986799114508347,-0.10009377139254719,-0.08179043777170207,-0.07233655423096026,0.018158621532482173,-0.013261804315302777,-0.0008687630028285145,-0.02752785024568749,0.04518085311891915,-0.014227375932786356,0.008945285418933295,-0.007651622848941345,0.002613163826222295,0.008051495267668364,0.011638207123162787,2.0
-282.42487244755836,0.079178424491137,0.00297777100736878,-0.021556552016651256,-0.026506133731202135,-0.005363418860198942,-0.013544348205184728,0.04153414403226529,0.04885252881160698,-0.004809834112183809,-0.05202387878632015,-0.004879210249935069,0.0435394396328528,-0.01168991484486296,0.0018289613023654682,2.0
21.679961824019216,-0.2702871574462643,-0.05981045139856966,0.003926263418157295,-0.028300283349903844,0.052232003660105664,-0.01916080475493902,-0.0019109053760696367,-0.006630158403061849,-0.001152659508848219,-0.00812457943045624,-0.008698353634618504,0.009924637030713427,0.0011852139610445751,0.007130095696179629,2.0
44.649873194906554,-0.3677212766766745,0.02162098403433466,0.06719669240153014,0.019578452952845708,-0.030306519691925098,-0.0076886012050713,-0.005780002582394725,0.00599768956894465,-0.007813577247986219,-0.008895417830176415,-0.009620274211994724,4.8448681926910455e-05,0.004554284391786298,-0.010337410375255807,2.0
16.412908768260788,0.3597767049815841,-0.06656945712008269,-0.08011417826897464,0.016421923797134266,-0.0064785727962352055,0.0016866705361500392,-0.016059525864560307,0.02733708083921822,-0.01102287929876603,-0.007718772628206883,-0.005039929432799445,0.022603573686455984,-0.00624203563411727,0.0008397766701667762,2.0
-247.2581072835272,0.3336450201895994,-0.05182004138641644,-0.06603600784938174,0.014721725383634723,0.018792127371090185,0.008293010325068463,-0.007687751386182317,-0.02947634849605446,0.0022421153400813258,0.0009466838295702733,0.0010444217155996592,-0.005386217298733961,-0.005047842020572996,-0.005848008494269895,2.0
-88.32535633130807,-0.9019808748160739,0.04001412736069468,-0.004897703699240076,-0.003093148014286325,0.0008247361355740035,-0.02565897913852046,0.020727923192640947,0.01108113846431021,-0.004269727239940554,-0.008707765119492552,0.03515901315706464,-0.015050966478210592,0.008740486316353983,0.007001473983796685,2.0
2.227731568754007,-0.11207771157397058,-0.028075704968283623,-0.06934928305922869,0.02822209342063708,0.01011904402050191,-0.00047389999399174087,-0.012443033907686729,-0.015365196561917203,-0.004852524552164166,-0.003041733195906595,-0.011257163519585335,0.00043765078053964343,-0.0009360958743657603,-0.0015941262472215102,2.0
51.057990897195175,0.28648852612337633,-0.02944558473239186,-0.0835003378613077,0.027190874954101125,0.007550174457598714,0.008802155646586911,-0.012401614519846938,-0.015937359588150703,-0.005502308760997164,-0.013149875094146994,-0.012400606522904782,0.011977105386170807,-0.004434096079842061,-0.008813025844697153,2.0
147.0317319558404,0.8030714172850336,0.0637762758774077,-0.07002947020884337,0.017422530122810274,0.012320988775582764,-0.006584015946428376,-0.015831177551342033,-0.016128414694199057,0.01204611373470981,-0.014463330780402293,0.0007421870073534066,0.013192885325903165,-0.008671295569072455,-0.009135523166135036,2.0
-109.05781331171177,0.37979715688845933,-0.05244996531380896,-0.05950740898099579,0.007614462917158326,-0.008638108867014965,-0.0074085363436465915,-0.02439103433798967,0.0481841537087935,-0.00871872545775714,0.007579443461676697,0.002688579680704801,0.023787189959713972,0.0005538309861974161,0.010320148539948256,2.0
44.418678015946554,0.04373839067323895,0.0020124217480665396,-0.05590810575640529,0.019084411861247666,-0.0017815293771073495,-0.013205812586121095,-0.0009101998365618002,-0.005344929902553043,-0.009225395072171103,-0.01887424078768674,0.01184356139488524,0.01400136820763111,-0.012526060874712348,-0.007175882536913624,2.0
39.54188047203608,-0.03011051684194544,-0.056701883129011255,-0.06792056577450559,0.01879863692282833,-0.00013476979409101272,0.008470406781583404,-0.028232733670466165,-0.0013928287633742126,-0.008382950842595771,0.003149817775873135,-0.013008396707362957,-0.0026617792768520838,-0.0044649894227020625,-0.004134248440845823,2.0
-52.71061950669235,-0.08747929649486927,0.009572331294988726,0.012227529388778047,-0.04265093023351009,-0.00996999305019479,0.02062031249922056,-0.03576416271045841,0.003457497107225191,-0.006065571740754482,0.002012272915583947,0.002583482421814874,-0.013992806657410881,-0.018652663621560657,-0.019547055520128042,2.0
-50.01730874589139,-0.14486162294676935,0.013456302377809332,-0.027795635016148536,-0.010955561604947537,-0.0022315828839418587,0.005478387214043637,-0.04226316348355966,0.04823738894112178,-0.010519939219988577,0.011795009731883271,-0.007767145705520975,-0.003589418733826664,0.00120968685013404,0.004603622456296665,2.0
49.70095292982251,-0.5372409211748698,-0.0013825878081827586,-0.00646340022981512,-0.04594795226662423,-0.02354588494855573,0.04713658628048746,-0.012541642513303366,-0.019449370007369658,0.003463024237484595,-0.015821326245579546,0.008177153948131463,-0.012777811141106776,0.014798443277372174,0.011517820338018063,2.0
-6.400340745748865,0.07741697794392922,-0.057922178948452314,-0.037872749746636965,-0.01665691417602015,-0.0074652432487445665,0.02716545457831338,-0.030848154965909237,-0.0073305236194849245,-0.005819053979489461,-0.0025083538746760435,-0.006945342018454136,-0.014149070324485185,-0.015775741425362665,-0.013380386959192948,2.0
-263.2005046063058,-0.2307918779508395,-0.08574282294100684,-0.02762202148276544,0.004534650212999687,0.009934981502699235,-0.0016168185313528117,-0.003934608685776837,-0.031542780838154684,0.0024852124807217112,0.005836407287890252,-0.00031531269208397123,-0.007909962435743156,-0.005989630863366215,-0.003074719802460458,2.0
41.5629822853305,-0.137570110621059,0.008109759794829884,-0.0496232147490655,0.006367754927722435,-0.0014011301378074898,0.0061318790524665205,0.018294873017706027,-0.017071488811802316,9.326856295017755e-05,0.013726694879787464,-0.016271401847306376,0.001149484040097365,0.0029854878490427135,0.001862436931588069,2.0
-67.9258246917948,0.015523620052775435,0.010091354898785793,-0.0182568795341327,-0.02033219726164498,0.0030105590907650893,0.01315647624613938,-0.0389447111519214,0.016066527971757706,-0.005164668806167112,0.009147513482270163,-0.004787151673488313,-0.009702009720417381,-0.012418470474424596,-0.00828883060570129,2.0
-232.02068845460667,0.538616126372963,-0.019422263061237465,-0.025187179945424402,-0.009077355920057612,0.023606619837469877,-0.0109169292977201,-0.027295679054939556,-0.01875845521277671,0.015596431347802912,0.019858581136782145,0.004313785900177715,-0.006700660624280885,-0.010738779806834324,-0.0071562199511472245,2.0
149.1273210037972,-0.7488899467423071,0.003802980313400957,0.009227026240924857,0.008068510265896946,-0.006681036375789174,0.025615267172945017,-0.006683966074698098,-0.009715408759539055,0.0019427696254436808,-0.0011164625864052522,-0.007849907991067056,0.002975460002086219,0.004924109137002848,0.0026097622855570475,2.0
190.74268408511958,-1.1204634316508568,-0.08244298352334684,-0.0027822876309454843,-0.04005000845645964,-0.044937445238162094,0.03974488273872659,-0.002525811048203383,-0.016414046950175294,0.000818077785237273,-0.006818496484460315,0.0012356516471372792,0.009173569643035059,0.025096042188011935,0.020655125767387084,2.0
-211.92782933055489,0.2697556366448763,0.029313340089438172,-0.040758819766073755,-0.0036029670600896987,0.004550686773623846,-0.007240563104001101,-0.004051211827445879,0.05096167932480987,-0.002153904641760842,-0.005241437841015597,0.0024094210010337795,0.028255089236453756,0.010376957100544794,0.016209538769893114,2.0
48.76457210606199,0.12292958773292399,-0.015502532454150193,-0.06292835010099264,0.021205123912597303,0.013834322375419957,-0.0003631123847655307,-0.02796866309422465,-0.008381427527271773,-0.006399243836797504,-0.0017157737518896808,-0.004590476979362276,0.009141845449639896,-0.002662788197477404,-0.0017529146888235665,2.0
16.06698080282042,0.365912805031122,-0.06376546034309032,-0.0832840775917467,0.016546064462970515,-0.005075295865648003,0.0031704323862345087,-0.012801082318261537,0.029437184024944305,-0.010170744928629469,-0.010058839946466681,-0.00693796019840351,0.023580260718511898,-0.00351462612779555,0.002543293809621748,2.0
-38.109941246319714,-0.02480191249995208,-0.07214283964429358,-0.07969644101897329,0.03547226598039436,0.0037542383298343153,-0.010298518505443534,-0.006238809289438987,-0.00502981156008563,-0.010502765914746033,-0.010606107501965785,-0.009787412401674368,0.007102072384373888,-0.003801171860163057,-0.0007154695776193334,2.0
-247.2581072835272,0.3336450201895994,-0.05182004138641644,-0.06603600784938174,0.014721725383634723,0.018792127371090185,0.008293010325068463,-0.007687751386182317,-0.02947634849605446,0.0022421153400813258,0.0009466838295702733,0.0010444217155996592,-0.005386217298733961,-0.005047842020572996,-0.005848008494269895,2.0
37.03701067392923,0.3508577424011843,0.09855285300077504,-0.028608556770456605,-0.001086350857686157,0.02244869645109099,-0.01516538323040762,-0.00854780392688434,-0.018582798762276267,0.02302506693768478,-0.007504517240471476,0.01917771436170607,0.01396653581645599,0.0019598049437245866,0.0001617466294435017,2.0
-265.29837824186177,0.4153024285660319,-0.10004483588371421,-0.050465022127936424,0.007753650080554443,0.005092752818239878,-0.03645633132312725,0.02517419431752436,-0.0018715373485232814,0.01791540349361458,-0.017757821080043666,0.020388028231946458,0.0360760378136718,-0.004421585010077517,0.008233405408277895,2.0
-154.21235368564558,0.43695778441353356,-0.0414371520336901,-0.046884521195066656,-0.006469232501011454,-0.014909595872648335,-0.008269316323907979,-0.027340104844374418,0.07591330653075433,-0.009508076909536867,0.01504343682334343,0.003847046110012328,0.025436281117901836,0.004416434337032545,0.013637080789884948,2.0
-52.71061950669235,-0.08747929649486927,0.009572331294988726,0.012227529388778047,-0.04265093023351009,-0.00996999305019479,0.02062031249922056,-0.03576416271045841,0.003457497107225191,-0.006065571740754482,0.002012272915583947,0.002583482421814874,-0.013992806657410881,-0.018652663621560657,-0.019547055520128042,2.0
-278.4137149672912,-0.37675019409417826,-0.03960017083757569,0.01684137815077169,-0.031769739770788605,-0.005430693111369291,0.0006487643941593506,-0.013957855521565254,0.0023581668451058487,0.0005675116886204499,0.010010655367134559,0.009253225964848674,-0.008207798587642015,-0.015272525175887463,-0.0081358703674484,2.0
-325.63237737373737,-0.5850474811448733,-0.002290501595320632,-0.008905116704782497,0.004721044438234558,0.013907979733928114,-0.020955631596059236,-0.0244056191945148,0.021579027052310122,-0.00156950158344632,0.03067611800271709,0.003820468718143565,-0.003371101683574479,0.007298298470058686,0.01405316545371017,2.0
-10.342851088279648,-0.46104925571163136,0.017525836611711837,-0.010383603551657515,-0.03475162251482266,-0.0110133127106837,0.032651514542066454,-0.022803434475610167,-0.0019184256729761042,-0.0017202818538913204,-0.014699434096735036,-0.002240946609676008,-0.01571947045950858,-0.000871888403105775,-0.0007972626907462887,2.0
49.445290484546945,-0.536477091914427,-0.004379526767554295,-0.0077168420805104245,-0.046350700364036025,-0.024011301977409614,0.047826174881585,-0.010714650397356702,-0.018444841686943977,0.0036861939609013437,-0.01743869178628001,0.007832737856942653,-0.011249024967410858,0.015319821189154821,0.012015701770432607,2.0
-49.192480915782234,0.5526835132715281,0.01352617052334608,-0.026852763202144504,-0.029833865376292474,-0.022512329512464076,-0.01297213433731322,0.08916563849414873,0.009144133341229557,0.0021401876934635045,0.03699985691479024,0.013402264437920414,-0.014453725871941438,-0.016240864768554304,-0.008986602875530263,2.0
-257.9434571476044,-0.2778052746589728,-0.00028918101372347457,-0.011774554979035325,-0.010020403032413675,0.003463255852834867,-0.01169638883418183,0.03535532301637287,-0.01719439527567064,0.009005603246327794,0.02996267592604661,0.00356487033949238,0.0145388356417939,0.013171303114418265,0.013547460583581267,2.0
-231.93906808581787,0.5367138099489644,-0.018605554784592946,-0.0232247505284809,-0.00823248155540829,0.022655178254615806,-0.011822777196360084,-0.030915251523676714,-0.020601992285849767,0.015342354166497067,0.02239205661169469,0.005041353487442837,-0.007773150788482177,-0.012464961283550373,-0.008587563010242619,2.0
-232.6357133932276,0.24838374863600066,-0.008421822127444068,-0.036178994876950935,-0.003081224445360372,0.009570221184012148,0.005207520395686072,0.016895067601127807,-0.034847627097996284,0.00879815989713232,0.017107287748614895,0.001428052345703063,0.008209555860372333,0.0050126527575564276,0.002460762315789334,2.0
-7.355700277305761,-0.5156139124877569,0.03801940214183828,-0.011804747281522716,-0.031392363306395006,-0.006562852169934031,0.0348714260760376,-0.024162430294563768,-0.0022768460489353843,-0.0005501031061266836,-0.014030133353386052,-0.004730613960272765,-0.018637324422610273,0.006733418084582904,0.003535057416549434,2.0
52.465793872973,-0.5912260724620633,0.03361016034850992,-0.008409186242544418,-0.040158405241455565,-0.01502473668282209,0.04860066611697604,-0.015019150311202338,-0.021559553934193468,0.006262697575045402,-0.013635646120664409,0.005761798132932556,-0.01645320239102834,0.024443131471749334,0.01687032997331109,2.0
-58.68722743075257,-0.5303664449954721,0.020787484694996382,-0.01796366392295919,0.012889566125578159,0.021135698553135688,-0.008531911353411428,-0.022771516052448145,-0.01485606351431443,-0.006026694328634684,0.0006783079215360192,-0.009163944185268169,-0.010277211403379194,-0.0017759845888605794,-0.0012109086478286955,2.0
-32.43913421119536,-0.3620178518150144,0.0655489241240186,-0.022059826660005492,0.008215943437233407,0.02422481511111477,-0.004321363996495604,-0.028947900402470295,-0.011509079191328618,-0.004826636266014296,-0.0018211575143075077,-0.00985863773732028,-0.01164116787270358,-0.0020988166771162805,-0.002427031652089461,2.0
-299.12574663945725,-0.08493148049927893,-0.04536950258247714,-0.025499217675179514,-0.0013829464226545285,0.01152590825346648,-0.0002750959214604,-0.012957624011850936,-0.001042210673018394,0.0024911170982070967,0.0159305332141254,-0.0017217636417182882,-0.007739023032891036,0.002752687132044302,0.002527486899817563,2.0
163.86078984570497,-0.10946435193700946,0.08458317587304726,-0.034803377992505186,-0.008952781583214045,-0.011589820479509969,-0.0018471259080719848,0.04648339957612162,0.0100964893837343,-0.003996944091894291,0.011332541693042524,-0.0007515811490342775,-0.011377582301206236,-0.004001522474574007,-0.0033271307435195486,2.0
-250.23020394887715,-0.18637287937295946,-0.020078545339776883,-0.02765173341020921,-0.0012334905870218652,0.0012473925751252106,-0.02387569324995171,0.05703756015150109,-0.005341098211878656,0.0044510682935462315,0.02393849894708839,0.010132979158360651,-0.012406036911881234,0.00014206201566547376,0.004982384863788386,2.0
182.88361590373216,-0.14359915118783773,-0.010431403253921142,-0.04275608695253171,-0.014100974807109179,-0.019206089696387745,0.03481748615471924,-0.002021178674450924,-0.02065047856385896,0.0032699361293993616,0.004005731380520208,-0.010072471347262885,0.010352609106485364,0.01371919956651595,0.007220060243279177,2.0
-243.5611376078747,0.5554920909028259,0.010332434287161716,-0.053711622567533,0.017099738564103205,0.011596942397845629,-0.030059309447543005,0.04207268566517871,-0.018034412419066236,0.008938685892647274,0.0027104155181542724,0.0478822959885897,-0.006012526402979714,0.006414205419438315,0.0034121522522586423,2.0
-238.565179301884,0.33712505130879067,-0.029545909866097463,-0.037919296493252,-0.011713019931849443,0.009506596095165997,0.024182712109729092,0.005121871303003459,-0.031363553080472666,0.009614289831267091,0.00357061037640915,-0.000510452764490503,-0.0068686957050538245,0.0019407849492861704,-0.00042635531742337443,2.0
195.64322935197657,-0.5561158262801531,0.0779392987904995,-0.029721601156688857,-0.007456217066211057,-0.008286218729389816,0.012246804649891082,0.02364223453440182,-0.0006980521160846161,0.00034843433999481757,0.02198501797097813,-0.024650958941592145,0.004904547447717732,0.00967761979419896,0.007321631829935856,2.0
